{
    "title": "demo options",
    "groups": {
        "general": {
            "label": "Chung",
            "file": "general.json"
        },
        "header": {
            "label": "Header",
            "file": "header.json"
        },
        "footer": {
            "label": "Footer",
            "file": "footer.json"
        },
        "sidebar": {
            "label": "Sidebar",
            "file": "sidebar.json"
        },
        "home": {
            "label": "Home",
            "file": "home.json"
        },
        "posts": {
            "label": "Bài viết",
            "file": "posts.json"
        },
        "pages": {
            "label": "Trang",
            "file": "pages.json"
        },
        "products": {
            "label": "Sản phẩm",
            "file": "products.json"
        },
        "contacts": {
            "label": "Liên hệ",
            "file": "contacts.json"
        },
        "socials": {
            "label": "MXH ",
            "file": "socials.json"
        }
    }
}