{
    "label": "Sản Phẩm",
    "inputs": {
        "sub_title": {
            "type": "text",
            "label": "Tiêu đề nhỏ",
            "placeholder": ""
        },
        "title": {
            "type": "textarea",
            "label": "Tiêu đề (Tùy chọn)<br><br>(dùng thẻ <strong>span</strong> để <strong>in đậm</strong>) ",
            "placeholder": "dùng thẻ <span>nội dung</span> để in đậm\n Xuống dòng bình thường",
            "className": "auto-height display-input-text"
        },
        "description": {
            "type": "textarea",
            "label": "Mô tả ngắn (Tùy chọn)",
            "placeholder": "Viết gì đó..."
        },
        "header_style": {
            "type": "radio",
            "label": "Header Style mặc định",
            "data": {
                "1": "Style 1",
                "2": "Style 2"
            },
            "default": "1"
        },
        "header_use_bg_image": {
            "type": "switch",
            "label": "Sử dụng hình nền",
            "value_type": "boolean",
            "check_label": "Có"
        },
        "header_bg_image": {
            "type": "media",
            "@filetype": "image",
            "label": "Hình nền (Tùy chọn)"
        },
        "use_category_deta": {
            "type": "switch",
            "label": "Use Blog Data",
            "value_type": "boolean",
            "check_label": "Ưu tiên sử dụng dữ liệu danh mục mục để hiển thị",
            "default": true
        }
    },
    "config": {
        "name": "Thiết lập mục đăng bài",
        "layout_type": "single",
        "form_groups": {
            "page_header": {
                "title": "Thiết lập Page Header",
                "inputs": [
                    "sub_title",
                    "title",
                    "description",
                    "header_style",
                    "header_use_bg_image",
                    "header_bg_image",
                    "use_category_deta"
                    
                ]
            }
        }
    }
}