{
    "name": "Home: Danh sách & sidebar",
    "inputs": {
        "title": {
            "type": "text",
            "label": "Tiêu đề (Tùy chọn)"
        },
        "sub_title": {
            "type": "text",
            "label": "Tiêu đề phụ (Tùy chọn)"
        },
        "bg_style": {
            "type": "crazyselect",
            "label": "Nền tiêu đề",
            "call": "get_number_options",
            "params": [1, 12, "default", "default"]
        },
        "dynamic_id": {
            "type": "crazyselect",
            "label": "Mục (tùy chọn)",
            "template": "crazyselect",
            "call": "get_dynamic_options",
            "params": [[], "Chọn một"],
            "@change": "Crazy.posts.changeDynamicID",
            "required": "true"
        },
        "category_id": {
            "type": "crazyselect",
            "label": "Danh mục",
            "template": "crazyselect",
            "call": "get_post_category_options",
            "params": [
                {
                    "dynamic_id": "#dynamic_id"
                },
                true
            ],
            "@label-type": "value"
        },
        "group_by_category": {
            "type": "switch",
            "label": "Nhóm theo danh mục",
            "value_type": "boolean"

        },
        "sorttype": {
            "type": "select",
            "label": "kiểu sắp xếp",
            "call": "get_post_sortby_options"
        },
        "post_number": {
            "type": "number",
            "label": "Số tin bài",
            "min": 1,
            "step": 1,
            "default": 5
        },
        "sidebar_title": {
            "type": "text",
            "label": "Tiêu đề sidebar (Tùy chọn)"
        },
        "sidebar_post_number": {
            "type": "number",
            "label": "Số tin bài ở sidebar",
            "min": 1,
            "step": 1,
            "default": 10
        },
        "sidebar_banner": {
            "type": "file",
            "label": "Sidebar Banner"
        },

        "sidebar_link": {
            "type": "text",
            "label": "Liên kết"
        },
        "ads_type": {
            "type": "radio",
            "label": "Loại quảng cáo",
            "data": {
                "banner": "Banner",
                "code": "Mã quảng cáo"
            },
            "default": "banner"
        },
        "ads_code": {
            "type": "textarea",
            "label": "Mã quảng cáo",
            "placeholder": "Nhập mã quảng cáo"
        }
        
    },
    "data": {
        "sidebar_title": "Tin mới nhất"
    }
}