{
    "name": "Home: Intro (Giới thiệu)",
    "inputs": {
        "image": {
            "type": "file",
            "label": "Ảnh"
        },
        "text": {
            "type": "textarea",
            "label": "Text"
        },
        "link": {
            "type": "text",
            "label": "Liên kết"
        },
        "button_text": {
            "type": "text",
            "label": "Button Text"
        }
    },
    "data": {
        "button_text": "Xem thêm"
    }
}