{
    "positions": {
        "sidebar": "Sidebar Menu"
    },
    "menus": {
        "social": {
            "name": "Sidebar Social Menu",
            "type": "theme",
            "depth": 1,
            "positions": ["sidebar"],
            "items": [
                {"type": "url", "text": "faxebook", "url": "#", "item_class": "faxebook", "link_class": "faxebook", "icon": "fa fa-facebook"},
                {"type": "url", "text": "instagram", "url": "#", "item_class": "instagram", "link_class": "instagram", "icon": "fa fa-instagram"},
                {"type": "url", "text": "twitter", "url": "#", "item_class": "twitter", "link_class": "twitter", "icon": "fa fa-twitter"},
                {"type": "url", "text": "youtube", "url": "#", "item_class": "youtube", "link_class": "youtube", "icon": "fa fa-youtube"},
                {"type": "url", "text": "linkedin", "url": "#", "item_class": "linkedin", "link_class": "linkedin", "icon": "fa fa-linkedin"}
            ]
        }
    }
}