{
    "label": "Footer",
    "inputs": {
        "widgets": {
            "type": "area",
            "label": "Footer Widget",
            "value": "footer_widgets",
            "area": "footer_widgets",
            "@title-by": "title"
        },
        "show_copyright": {
            "type": "switch",
            "label": "Copyright",
            "value_type": "boolean",
            "check_label": "Hiển thị Copyright",
            "value": true
        },
        "copyright_content": {
            "type": "textarea",
            "label": "Nôi dung mục copyright",
            "className": "auto-height",
            "placeholder": "Viết gì đó" 
        },
        "backgroud_type": {
            "type": "radio",
            "label": "Kiểu nền",
            "data": {
                "default": "Mặc định",
                "color": "Màu sắc",
                "image": "Ảnh"
            },
            "default":"default"
        },
        "backgroud_color": {
            "type": "colorpicker",
            "label": "Màu nền",
            "placeholder": "Ví dụ #FFFFFF"
        },
        "backgroud_image": {
            "type": "media",
            "label": "Hình nền",
            "@type": "image/*"
        },
        "text_color": {
            "type": "colorpicker",
            "label": "màu chữ",
            "default": "#777"
    
        },
        "h_color": {
            "type": "colorpicker",
            "label": "màu Heading",
            "default": "#0e1318"
        },
        "link_color": {
            "type": "colorpicker",
            "label": "màu link",
            "default": "#0e1318"
        },
        "link_hover_color": {
            "type": "colorpicker",
            "label": "màu link hover",
            "default": "#ff9d2d"
        },
        "show_illustration": {
            "type": "switch",
            "label": "Illustration",
            "value_type": "boolean",
            "check_label": "Show"
        }
        
    }
    
    
}