{
    "label": "Chung",
    "inputs": {
        "show_preloader": {
            "type": "switch",
            "label": "Preloader",
            "value_type": "boolean",
            "check_label": "Hiển thị preloader",
            "value": true
        },
        "plugins": {
            "type": "area",
            "label": "Plugins",
            "value": "plugins",
            "@area": "plugins",
            "@title-by": "title"
        }
    },
    "config1": {
        "name": "Thiết lập mục đăng bài",
        "layout_type": "single",
        "form_groups": {
        
        }
    }
}