{
    "label": "Bài viết",
    "inputs": {
        "header_style": {
            "type": "radio",
            "label": "Header Style mặc định",
            "data": {
                "1": "Style 1",
                "2": "Style 2"
            },
            "default": "1"
        },
        "header_use_bg_image": {
            "type": "switch",
            "label": "Sử dụng hình nền",
            "value_type": "boolean",
            "check_label": "Có"
        },
        "header_bg_image": {
            "type": "media",
            "@filetype": "image",
            "label": "Hình nền (Tùy chọn)"
        },
        "sub_title": {
            "type": "text",
            "label": "Tiêu đề nhỏ",
            "placeholder": ""
        },
        "title": {
            "type": "textarea",
            "label": "Tiêu đề (Tùy chọn)<br><br>(dùng thẻ <strong>span</strong> để <strong>in đậm</strong>) ",
            "placeholder": "dùng thẻ <span>nội dung</span> để in đậm\n Xuống dòng bình thường",
            "className": "auto-height display-input-text"
        },
        "description": {
            "type": "textarea",
            "label": "Mô tả ngắn (Tùy chọn)",
            "placeholder": "Viết gì đó..."
        },
        "use_dynamic_deta": {
            "type": "switch",
            "label": "Use Blog Data",
            "value_type": "boolean",
            "check_label": "Ưu tiên sử dụng dữ liệu mục đăng bài để hiển thị",
            "default": true
        },
        "list_layout": {
            "type": "radio",
            "label": "Layout Danh sách",
            "data": {
                "sidebar": "sidebar",
                "fullwidth": "fullwidth"
            },
            "default": "sidebar"
        },
        "list_type": {
            "type": "radio",
            "label": "Kiểu Danh sách",
            "data": {
                "classic": "Classic",
                "grid": "Lưới (grid)"
            },
            "default": "grid"
        },
        
        "detail_layout": {
            "type": "radio",
            "label": "Layout Danh sách",
            "data": {
                "sidebar": "Sidebar",
                "fullwidth": "fullwidth"
            },
            "default": "sidebar"
        },
        "detail_use_feature_image": {
            "type": "switch",
            "label": "Header Image",
            "value_type": "boolean",
            "check_label": "Sử dụng Feature Image làm hình nền Header"
        },
        "post_settings": {
            "type": "area",
            "label": "Mục được thiết lập",
            "value": "post_settings",
            "@area": "post_settings",
            "@title-by": "title"
        }
    },
    "config": {
        "name": "Thiết lập mục đăng bài",
        "layout_type": "single",
        "form_groups": {
            "page_header": {
                "title": "Thiết lập Page Header",
                "inputs": [
                    "header_style",
                    "header_use_bg_image",
                    "header_bg_image",
                    "header_bg_position",
                    "sub_title",
                    "title",
                    "description",
                    "use_dynamic_deta"
                ]
            },
            "general": {
                "title": "Thiết lập chung",
                "inputs": [
                    "list_layout",
                    "list_type"
                ]
            },
            "detail": {
                "title": "Thiết lập Trang chi tiết ",
                "inputs": [
                    "detail_layout",
                    "detail_use_feature_image",
                    "detail_hide_feature_image"
                    
                ]
            },
            "post_settings": {
                "title": "Thiết lập cho từng mục",
                "className": "mt-3 pt-2 border-top",
                "inputs": [
                    "post_settings"
                ]
            }
        }
    },
    "data": {
        "list_layout": "sidebar",
        "list_type": "grid"
    }
}